{"cameraMode":{"drawMode":0,"name":"Shaded","section":"Shading Mode"},"sceneLighting":true,"audioPlay":false,"sceneViewState":{"showFog":true,"showMaterialUpdate":false,"showSkybox":true,"showFlares":true,"showImageEffects":true,"showParticleSystems":true},"in2DMode":false,"pivot":{"x":35.9160270690918,"y":-1.113901138305664,"z":57.37902069091797},"rotation":{"x":0.29921597242355349,"y":0.28871646523475649,"z":-0.0955173447728157,"w":0.9044281840324402},"size":30.26310157775879,"orthographic":false}