{"cameraMode":{"drawMode":0,"name":"Shaded","section":"Shading Mode"},"sceneLighting":true,"audioPlay":false,"sceneViewState":{"showFog":true,"showMaterialUpdate":false,"showSkybox":true,"showFlares":true,"showImageEffects":true,"showParticleSystems":true},"in2DMode":false,"pivot":{"x":34.956634521484378,"y":9.957206726074219,"z":25.043397903442384},"rotation":{"x":0.5776875019073486,"y":-0.0036737441550940277,"z":0.002599561121314764,"w":0.8162492513656616},"size":47.45503234863281,"orthographic":false}