{"cameraMode":{"drawMode":0,"name":"Shaded","section":"Shading Mode"},"sceneLighting":false,"audioPlay":false,"sceneViewState":{"showFog":true,"showMaterialUpdate":false,"showSkybox":false,"showFlares":true,"showImageEffects":true,"showParticleSystems":true},"in2DMode":false,"pivot":{"x":-0.7370263338088989,"y":1.6669201850891114,"z":0.388521671295166},"rotation":{"x":0.4510895907878876,"y":0.006693483795970678,"z":-0.0033832343760877849,"w":0.8924471735954285},"size":6.33882999420166,"orthographic":false}