{"cameraMode":{"drawMode":0,"name":"Shaded","section":"Shading Mode"},"sceneLighting":true,"audioPlay":false,"sceneViewState":{"showFog":true,"showMaterialUpdate":false,"showSkybox":true,"showFlares":true,"showImageEffects":true,"showParticleSystems":true},"in2DMode":false,"pivot":{"x":15.118587493896485,"y":-2.580216407775879,"z":60.324161529541019},"rotation":{"x":0.2572540044784546,"y":0.03912394121289253,"z":-0.010424493812024594,"w":0.9654952883720398},"size":16.04071807861328,"orthographic":false}