{"cameraMode":{"drawMode":0,"name":"Shaded","section":"Shading Mode"},"sceneLighting":true,"audioPlay":false,"sceneViewState":{"showFog":true,"showMaterialUpdate":false,"showSkybox":true,"showFlares":true,"showImageEffects":true,"showParticleSystems":true},"in2DMode":false,"pivot":{"x":256.7733154296875,"y":279.1578674316406,"z":-0.1007080078125},"rotation":{"x":0.0029999427497386934,"y":-0.005999935325235128,"z":0.000017999884221353568,"w":0.9999779462814331},"size":435.3485412597656,"orthographic":false}