{"cameraMode":{"drawMode":0,"name":"Shaded","section":"Shading Mode"},"sceneLighting":true,"audioPlay":false,"sceneViewState":{"showFog":true,"showMaterialUpdate":false,"showSkybox":true,"showFlares":true,"showImageEffects":true,"showParticleSystems":true},"in2DMode":false,"pivot":{"x":-0.05008183419704437,"y":3.976149082183838,"z":1.828049659729004},"rotation":{"x":0.21133401989936829,"y":0.023454058915376664,"z":-0.005083422642201185,"w":0.9771308302879334},"size":11.535975456237793,"orthographic":false}